,,,,,
,MIRADORE EXPERIENCES — RIYADH,,,,,
,,,,,
,QUOTATION — INSTALLATION SERVICES,,,,,
,"EVENT SIGNAGE — DIRECTIONAL & WELCOME BOARDS",,,,,
,,,,,
,TO:,,,FROM:,
,"CLIENT: [Client Name]",,,Miradore Experiences — Riyadh,
,,,,,,
,"SCOPE: Installation of directional & welcome signage boards",,,,,
,"VENUE: Event Venue — Riyadh, KSA",,,,,
,"BOARDS: 11 nos. | TOTAL AREA: 106 sqm",,,,,
,QUOTATION DATE: 07 September 2026,,,,,
,,,,,
,,,,,
S#,DESCRIPTION,QTY,SQM,RATE (SAR/SQM),AMOUNT (SAR),
,,,,,
,"SECTION A: SIGNAGE INSTALLATION (INSTALLATION ONLY — BANNERS & FRAMES SUPPLIED BY CLIENT)",,,,,
1,"Directional & Welcome Signage Board — 2m x 5m (10 sqm each, base height 50 cm)",3,30,80,"2,400",
2,"Directional & Welcome Signage Board — 2m x 4m (8 sqm each, base height 50 cm)",7,56,80,"4,480",
3,"Directional & Welcome Signage Board — 2m x 10m (20 sqm, base height 50 cm)",1,20,80,"1,600",
,Section A Subtotal,,106,,"8,480",
,,,,,
,,,,,
,COST SUMMARY,,,,,
,"Installation Total (106 sqm @ 80 SAR/sqm)",,,,"8,480.00",
,"AGENCY COMMISSION (12%)",,,,"1,017.60",
,"SUBTOTAL BEFORE VAT",,,,"9,497.60",
,"VAT (15%)",,,,"1,424.64",
,"GRAND TOTAL (INCLUSIVE OF VAT)",,,,"10,922.24",
,,,,,
,,,,,
,PAYMENT TERMS,,,,,
,"80% Advance Payment — 20% After the Event",,,,,
,,,,,
,SCOPE OF WORK,,,,,
,"- Receiving and handling of client-supplied banners and frames at the venue.",,,,,
,"- Assembly and erection of 11 signage boards on 50 cm bases at designated venue locations.",,,,,
,"- Levelling, alignment, fixing and weighting/anchoring of all structures.",,,,,
,"- Installation labour, tools, access equipment and on-site supervision.",,,,,
,"- On-site touch-up / re-tensioning of banners during installation.",,,,,
,"- Dismantling and removal of structures after the event, and site clearance.",,,,,
,,,,,
,NOTES,,,,,
,"1. All prices are in Saudi Riyals (SAR).",,,,,
,"2. Installation charges are calculated at 80 SAR per square meter of signage face area.",,,,,
,"3. Total billable area: 106 sqm (3 x 10 sqm + 7 x 8 sqm + 1 x 20 sqm). The 50 cm base is included in the installation scope and is not charged as additional area.",,,,,
,"4. Banners and frames are supplied by the client and are available at the venue. Printing, fabrication and supply of materials are NOT included in this quotation.",,,,,
,"5. Client to provide clear site access, storage for materials, and power where required at no cost.",,,,,
,"6. Rate assumes ground-level installation during a single mobilisation. Additional mobilisations, night shifts, or elevated / structural fixing will be quoted separately.",,,,,
,"7. Any damage to client-supplied banners or frames prior to handover is not the responsibility of Miradore.",,,,,
,"8. Any additional requirements beyond this scope will be quoted separately.",,,,,
,"9. This quotation is valid for 30 days from the date of issue.",,,,,
,,,,,
,,,,,
,ADEEL AHMED — DIRECTOR,,,,,
,"Miradore Experiences, Riyadh",,,,,
