,,,,,,,,
,MIRADORE EXPERIENCES - RIYADH
,,,,,,,,
,DETAILED BOQ - QUOTATION
,RIYADH URBAN INTELLIGENCE LAB - 2-DAY EVENT SETUP
,,,,,,,,
,EVENT: Riyadh Urban Intelligence Lab
,"VENUE: Misk - Riyadh, Kingdom of Saudi Arabia"
,DATES: 27 - 28 September 2026 (2 Days)
,CAPACITY: Up to 100 Pax  |  Catering for 90 Pax
,QUOTATION DATE: 15 August 2026
,FROM: Miradore Experiences - Riyadh
,,,,,,,,
,,,,DAY 1 (FULL RATE),,DAY 2 (50% DISCOUNT),,
No.,DESCRIPTION,QTY,UNIT,UNIT RATE (SAR),TOTAL (SAR),UNIT RATE (SAR),TOTAL (SAR),2-DAY TOTAL (SAR)
,,,,,,,,
,SECTION A: EVENT INFRASTRUCTURE & TECHNICAL PRODUCTION (OPTION A - NORMAL SOUND SYSTEM)
1,Round Tables - suitable for group activity setup,10,Table,87.55,875.50,43.78,437.75,"1,313.25"
2,Chairs - banquet / event chairs (8 pax per table),80,Chair,46.35,"3,708.00",23.18,"1,854.00","5,562.00"
3,"Professional Normal Sound System - complete package up to 100 pax (speakers, mixer, microphones, amplifiers, cabling, stands, technician)",1,Lot,"4,635.00","4,635.00","2,317.50","2,317.50","6,952.50"
4,"Stage Platform - 6.0m (W) x 3.0m (D) x 0.60m (H), black carpet, skirting and 2 steps (each side)",18,m2 (6x3),185.40,"3,337.20",92.70,"1,668.60","5,005.80"
5,"SMD LED Screen - 5.0m (W) x 3.0m (H) P2.6 indoor, with supporting structure, processor and technician",15,m2 (5x3),309.00,"4,635.00",154.50,"2,317.50","6,952.50"
6,"Branded Media Wall - 3.6m x 2.4m, complete with production, structure and installation",1,Lot,"5,665.00","5,665.00","2,832.50","2,832.50","8,497.50"
7,Registration Desk with Branded Back Wall - complete branded registration setup,1,Lot,"7,725.00","7,725.00","3,862.50","3,862.50","11,587.50"
8,Professional Photography & Videography Coverage,1,Day,"3,605.00","3,605.00",NO DISCOUNT,"3,605.00","7,210.00"
,SUBTOTAL - SECTION A,,,,"34,185.70",,"18,895.35","53,081.05"
,,,,,,,,
,SECTION B: CATERING & HOSPITALITY
9,Lunch & Coffee Break - full-day catering package per delegate,90,Pax,210.00,"18,900.00",NO DISCOUNT,"18,900.00","37,800.00"
,SUBTOTAL - SECTION B,,,,"18,900.00",,"18,900.00","37,800.00"
,,,,,,,,
,TOTAL - SECTIONS A + B (EXCL. VAT),,,,"53,085.70",,"37,795.35","90,881.05"
,,,,,,,,
,COST SUMMARY
,Section A - Equipment & Production,,,,,,,"53,081.05"
,Section B - Catering (90 pax x 2 days),,,,,,,"37,800.00"
,SUBTOTAL BEFORE VAT,,,,,,,"90,881.05"
,VAT (15%),,,,,,,"13,632.16"
,GRAND TOTAL (INCLUSIVE OF VAT),,,,,,,"104,513.21"
,,,,,,,,
,PAYMENT TERMS
,80% Advance Payment - 20% After the Event
,,,,,,,,
,NOTES
,1. All prices are in Saudi Riyals (SAR). VAT is charged at 15%.
,2. Equipment rates reflect a 3% uplift on the supplied base BOQ rates.
,3. Day 2 is charged at 50% of Day 1 for all equipment except Photography & Videography.
,"4. Catering is 210.00 SAR per person per day for 90 pax, no Day 2 discount, quoted as supplied without the 3% uplift."
,5. Day 2 unit rates are rounded to two decimals; Day 2 line totals are exactly 50% of the Day 1 line total.
,6. Sound is quoted as Option A (Normal Sound System); line array available on request.
,"7. Venue hire, power supply and permits at Misk assumed provided by the client."
,8. Any additional scope beyond this BOQ will be quoted separately.
,9. This quotation is valid for 30 days from the date of issue.
,,,,,,,,
,ADEEL AHMED - DIRECTOR
,"Miradore Experiences, Riyadh"
